ProductName,Price
OLEVS,"2,988"
OLEVS,"2,988"
OPK,998
OLEVS,"2,988"
REDUX,329
Vills Laurrens,399
Foxter,539
Eddy Hager,299
Espoir,299
REDUX,329
Fastrack,"1,995"
MATRIX,299
SKMEI,529
LORENZ,549
Eddy Hager,299
Espoir,299
SWISSTYLE,474
REDUX,329
Espoir,299
TIMESOON,298
Priefy,699
NIBOSI,"2,180"
NIBOSI,"1,599"
Diesel,"12,995"
ATTRACTIONZ,899
MATRIX,299
Relish,349
SWISSTYLE,489
SWISSTONE,375
Chronos,0
TIMEWEAR,229
TIMEWEAR,399
TLS,575
REDUX,199
SWISSTONE,325
TIMEWEAR,449
LORENZ,329
Foxter,449
TIMEWEAR,340
WRIGHTRACK,229
Eddy Hager,368
SKMEI,329
TIMEWEAR,690
House of Quirk,699
Foxter,399
CURREN,269
GT Gala Time,"1,524"
LORENZ,599
LIMESTONE,549
NUBELA,379
Sonata,275
Relish,575
Eddy Hager,349
PIRASO,329
Swisso,499
